{
  "Name":                       "MRZR DoubleWishbone",
  "Type":                       "Suspension",
  "Template":                   "DoubleWishbone",

  "Spindle" :
  {
    "Mass":                     0.1,
    "COM":                      [0, 0.64262, 0.32742],
    "Inertia":                  [0.004117, 0.007352, 0.004117],
    "Radius":                   0.05,
    "Width":                    0.06
  },

  "Upright":
  {
    "Mass":                     30.19178388,
    "COM":                      [-0.01202988695, 0.61213817545, 0.318702312698],
    "Moments of Inertia":       [0.3256, 0.3834, 0.08367],
    "Products of Inertia":      [0, 0, 0],
    "Radius":                   0.025
  },

  "Upper Control Arm":
  {
    "Mass":                     3.6933,
    "COM":                      [0.01493, 0.30141, 0.58923],
    "Moments of Inertia":       [0.015, 0.015, 0.03276],
    "Products of Inertia":      [0, 0, 0],
    "Radius":                   0.02,
    "Location Chassis Front":   [0.12192, 0.15494, 0.56896],
    "Location Chassis Back":    [-0.0635, 0.15494, 0.54102],
    "Location Upright":         [-0.01016, 0.59436, 0.41402]
  },

  "Lower Control Arm":
  {
    "Mass":                     4.6716,
    "COM":                      [-0.0728133, 0.28702, 0.32766],
    "Moments of Inertia":       [0.1, 0.1, 0.2938],
    "Products of Inertia":      [0, 0, 0],
    "Radius":                   0.03,
    "Location Chassis Front":   [0, 0.13208, 0.39878],
    "Location Chassis Back":    [-0.22606, 0.13208, 0.37084],
    "Location Upright":         [0.00762, 0.5969, 0.21336]
  },

  "Tierod":
  {
    "Location Chassis":         [-0.13716, 0.127, 0.50292],
    "Location Upright":         [-0.1016, 0.57912, 0.3683]
  },

  "Spring":
  {
    "Location Chassis":         [-0.057658, 0.1778, 0.88138],
    "Location Arm":             [0, 0.44958, 0.4953],
    "Free Length" :             0.475653, //0.33655,
    "Curve Data":               [[-0.2,  -322095.536],
    [-0.18, -240521.166],
    [-0.16, -174535.686],
    [-0.14, -122406.996],
    [-0.12,  -82402.997],
    [-0.1,   -52791.592],
    [-0.08,  -31840.681],
    [-0.06,  -17818.165],
    [-0.04,   -8991.945],
    [-0.02,   -3629.923],
    [0,           0],
    [0.02,     3629.923],
    [0.04,     8991.945],
    [0.06,    17818.165],
    [0.08,    31840.681],
    [0.1,     52791.592],
    [0.12,    82402.997],
    [0.14,   122406.996],
    [0.16,   174535.686],
    [0.18,   240521.166],
    [0.2,    322095.536]]
  },

  "Shock":
  {
    "Location Chassis":         [-0.057658, 0.1778, 0.88138],
    "Location Arm":             [0, 0.44958, 0.4953],
    "Curve Data":               [
                                  [-2.032, -20017],
                                  [-1.778, -17792.89],
                                  [-1.524, -14825.92],
                                  [-1.27, -12232.61],
                                  [-1.016, -9639.296],
                                  [-0.762, -7041.535],
                                  [-0.508, -4448.22],
                                  [-0.254, -2224.11],
                                  [0, 0],
                                  [0.254, 834.04155],
                                  [0.508, 1668.08],
                                  [0.762, 2502.1247],
                                  [1.016, 3336.17],
                                  [1.27, 4170.2078],
                                  [1.524, 5004.249],
                                  [1.778, 5849.411],
                                  [2.032, 6672.332]
                                ]
  },

  "Axle":
  {
    "Inertia":                  0.4
  }
}
